{
  "data": {
    "total_rows": 307507,
    "n_features": 193,
    "train_size": 215254,
    "val_size": 46126,
    "test_size": 46127,
    "default_rate": 0.08072986956394489
  },
  "gbdt_baseline": {
    "accuracy": 0.9196782795325948,
    "f1": 0.05844980940279543,
    "auc_pr": 0.2587463266729157,
    "roc_auc": 0.7664406034390541,
    "best_iteration": 195,
    "train_time": 3.45
  },
  "gbdt_top_features": [
    [
      "EXT_SOURCE_MEAN",
      89.83
    ],
    [
      "EXT_SOURCE_1_MISSING",
      29.52
    ],
    [
      "NAME_EDUCATION_TYPE_Higher education",
      23.61
    ],
    [
      "EXT_SOURCE_3_MISSING",
      19.7
    ],
    [
      "CODE_GENDER_M",
      16.42
    ],
    [
      "FLAG_DOCUMENT_3",
      14.85
    ],
    [
      "NAME_EDUCATION_TYPE_Secondary / secondary special",
      14.68
    ],
    [
      "FLAG_OWN_CAR_Y",
      14.11
    ],
    [
      "FLAG_EMP_PHONE",
      14.09
    ],
    [
      "CREDIT_GOODS_RATIO",
      14.06
    ]
  ],
  "gbdt_lr": {
    "0.01": {
      "accuracy": 0.9196349209790361,
      "f1": 0.01957154192012695,
      "auc_pr": 0.2577026929883834,
      "best_iteration": 499
    },
    "0.1": {
      "accuracy": 0.9196782795325948,
      "f1": 0.05844980940279543,
      "auc_pr": 0.2587463266729157,
      "best_iteration": 195
    },
    "0.3": {
      "accuracy": 0.9197649966397121,
      "f1": 0.0698668007036944,
      "auc_pr": 0.24482331752870123,
      "best_iteration": 27
    }
  },
  "gbdt_tuning": {
    "best_params": {
      "subsample": 0.8,
      "reg_lambda": 1.0,
      "reg_alpha": 1.0,
      "max_depth": 3.0
    },
    "best_cv_score": 0.24742678907604612,
    "tuning_time": 146.7
  },
  "gbdt_final": {
    "accuracy": 0.9198083551932708,
    "precision": 0.5748502994011976,
    "recall": 0.02577873254564984,
    "f1": 0.04934464148033924,
    "auc_pr": 0.261765567865731,
    "roc_auc": 0.7702858078080678,
    "best_iteration": 495,
    "train_time": 6.39
  },
  "mlp_baseline": {
    "accuracy": 0.9192230147202289,
    "f1": 0.03421461897356143,
    "auc_pr": 0.22396752393045333,
    "roc_auc": 0.73957167496686,
    "epochs": 20,
    "train_time": 10.53
  },
  "mlp_arch": {
    "(64,)": {
      "accuracy": 0.918962863398877,
      "f1": 0.022489539748953975,
      "auc_pr": 0.22308301359482577,
      "epochs": 19
    },
    "(128, 64)": {
      "accuracy": 0.9192230147202289,
      "f1": 0.03421461897356143,
      "auc_pr": 0.22396752393045333,
      "epochs": 20
    },
    "(256, 128, 64)": {
      "accuracy": 0.9193097318273462,
      "f1": 0.018977332630469163,
      "auc_pr": 0.22710682708206972,
      "epochs": 20
    }
  },
  "mlp_activation": {
    "relu": {
      "accuracy": 0.9192230147202289,
      "f1": 0.03421461897356143,
      "auc_pr": 0.22396752393045333
    },
    "tanh": {
      "accuracy": 0.9193530903809048,
      "f1": 0.015352038115404976,
      "auc_pr": 0.21666297551490504
    }
  },
  "mlp_lr": {
    "0.001": {
      "accuracy": 0.9192230147202289,
      "f1": 0.03421461897356143,
      "auc_pr": 0.22396752393045333,
      "epochs": 20
    },
    "0.01": {
      "accuracy": 0.9192663732737876,
      "f1": 0.0,
      "auc_pr": 0.21500866367691268,
      "epochs": 17
    },
    "0.1": {
      "accuracy": 0.9192663732737876,
      "f1": 0.0,
      "auc_pr": 0.08076195186480765,
      "epochs": 17
    }
  },
  "mlp_alpha": {
    "1e-05": {
      "accuracy": 0.9194831660415809,
      "f1": 0.03732503888024884,
      "auc_pr": 0.22673477860008565,
      "epochs": 17
    },
    "0.0001": {
      "accuracy": 0.9192230147202289,
      "f1": 0.03421461897356143,
      "auc_pr": 0.22396752393045333,
      "epochs": 20
    },
    "0.001": {
      "accuracy": 0.9194831660415809,
      "f1": 0.03881987577639751,
      "auc_pr": 0.22178643287965744,
      "epochs": 21
    },
    "0.01": {
      "accuracy": 0.919157976889891,
      "f1": 0.03418803418803419,
      "auc_pr": 0.22321021761418663,
      "epochs": 21
    }
  },
  "mlp_final": {
    "accuracy": 0.9193530903809048,
    "precision": 0.5833333333333334,
    "recall": 0.0037593984962406013,
    "f1": 0.007470651013874066,
    "auc_pr": 0.23199298951706046,
    "roc_auc": 0.7498208015954934,
    "epochs": 18,
    "train_time": 18.91,
    "best_config": {
      "hidden_layer_sizes": "(256, 128, 64)",
      "activation": "relu",
      "learning_rate_init": 0.001,
      "alpha": 1e-05
    }
  },
  "confusion": {
    "gbdt": [
      [
        42332,
        71
      ],
      [
        3628,
        96
      ]
    ],
    "mlp": [
      [
        42393,
        10
      ],
      [
        3710,
        14
      ]
    ]
  }
}